symbol,_priceFormat,_priceFormatType,_tickSize,buyFillId,sellFillId,qty,buyPrice,sellPrice,pnl,boughtTimestamp,soldTimestamp,duration
MNQZ6,-2,0,0.25,682000000012,682000000005,1,21445.00,21452.25,$14.50,09/14/2026 06:42:33,09/14/2026 06:41:25,
MNQZ6,-2,0,0.25,682000000015,682000000019,3,21446.50,21443.00,$(21.00),09/14/2026 06:50:35,09/14/2026 06:52:17,
MNQZ6,-2,0,0.25,682000000032,682000000023,1,21446.00,21441.25,$(9.50),09/14/2026 07:20:04,09/14/2026 07:14:57,
MNQZ6,-2,0,0.25,682000000039,682000000046,2,21444.75,21437.75,$(28.00),09/14/2026 07:26:22,09/14/2026 07:27:40,
MNQZ6,-2,0,0.25,682000000053,682000000057,2,21441.50,21449.75,$33.00,09/14/2026 07:48:20,09/14/2026 07:53:58,
MNQZ6,-2,0,0.25,682000000075,682000000062,2,21443.50,21445.25,$7.00,09/14/2026 08:18:14,09/14/2026 08:11:41,
MNQZ6,-2,0,0.25,682000000075,682000000066,1,21443.50,21445.25,$3.50,09/14/2026 08:18:14,09/14/2026 08:11:51,
MNQZ6,-2,0,0.25,682000000090,682000000083,2,21453.75,21442.25,$(46.00),09/14/2026 08:30:21,09/14/2026 08:27:19,
MNQZ6,-2,0,0.25,682000000111,682000000096,2,21453.75,21457.00,$13.00,09/14/2026 08:39:38,09/14/2026 08:34:28,
MNQZ6,-2,0,0.25,682000000111,682000000104,1,21453.75,21457.00,$6.50,09/14/2026 08:39:38,09/14/2026 08:34:30,
MNQZ6,-2,0,0.25,682000000126,682000000120,4,21458.75,21450.75,$(64.00),09/14/2026 08:54:40,09/14/2026 08:51:59,
MNQZ6,-2,0,0.25,682000000134,682000000142,3,21455.25,21453.25,$(12.00),09/14/2026 09:19:22,09/14/2026 09:22:22,
MNQZ6,-2,0,0.25,682000000149,682000000145,4,21449.00,21454.00,$40.00,09/14/2026 09:38:24,09/14/2026 09:37:18,
MNQZ6,-2,0,0.25,682000000155,682000000160,3,21454.25,21445.25,$(54.00),09/15/2026 06:41:47,09/15/2026 06:47:01,
MNQZ6,-2,0,0.25,682000000166,682000000169,4,21449.25,21448.75,$(4.00),09/15/2026 06:53:53,09/15/2026 06:55:38,
MNQZ6,-2,0,0.25,682000000173,682000000176,2,21449.25,21461.00,$47.00,09/15/2026 07:02:47,09/15/2026 07:05:40,
MNQZ6,-2,0,0.25,682000000188,682000000180,2,21462.25,21458.75,$(14.00),09/15/2026 07:17:59,09/15/2026 07:12:06,
MNQZ6,-2,0,0.25,682000000197,682000000209,2,21458.25,21467.25,$36.00,09/15/2026 07:41:46,09/15/2026 07:46:01,
MNQZ6,-2,0,0.25,682000000203,682000000209,1,21458.25,21467.25,$18.00,09/15/2026 07:42:04,09/15/2026 07:46:01,
MNQZ6,-2,0,0.25,682000000220,682000000213,3,21465.25,21467.75,$15.00,09/15/2026 07:54:49,09/15/2026 07:51:31,
MNQZ6,-2,0,0.25,682000000223,682000000230,4,21466.75,21468.75,$16.00,09/15/2026 07:57:55,09/15/2026 08:00:04,
MNQZ6,-2,0,0.25,682000000239,682000000233,4,21461.00,21467.25,$50.00,09/15/2026 08:18:47,09/15/2026 08:14:13,
MNQZ6,-2,0,0.25,682000000248,682000000251,4,21463.25,21466.25,$24.00,09/15/2026 08:36:06,09/15/2026 08:40:56,
MNQZ6,-2,0,0.25,682000000256,682000000269,2,21458.00,21451.50,$(26.00),09/15/2026 08:49:29,09/15/2026 08:54:26,
MNQZ6,-2,0,0.25,682000000264,682000000269,2,21458.00,21451.50,$(26.00),09/15/2026 08:49:32,09/15/2026 08:54:26,
MNQZ6,-2,0,0.25,682000000276,682000000293,2,21450.25,21444.00,$(25.00),09/16/2026 06:48:49,09/16/2026 06:52:49,
MNQZ6,-2,0,0.25,682000000285,682000000293,2,21450.25,21444.00,$(25.00),09/16/2026 06:48:56,09/16/2026 06:52:49,
MNQZ6,-2,0,0.25,682000000302,682000000298,3,21445.25,21444.75,$(3.00),09/16/2026 07:04:49,09/16/2026 07:02:01,
MNQZ6,-2,0,0.25,682000000307,682000000310,3,21439.25,21443.25,$24.00,09/16/2026 07:29:27,09/16/2026 07:31:42,
MNQZ6,-2,0,0.25,682000000317,682000000325,2,21448.50,21451.25,$11.00,09/16/2026 07:41:12,09/16/2026 07:45:38,
MNQZ6,-2,0,0.25,682000000335,682000000331,1,21447.50,21449.50,$4.00,09/16/2026 08:04:00,09/16/2026 07:59:29,
MNQZ6,-2,0,0.25,682000000349,682000000343,2,21439.50,21452.50,$52.00,09/16/2026 08:24:20,09/16/2026 08:19:50,
MNQZ6,-2,0,0.25,682000000364,682000000355,4,21441.25,21441.25,$0.00,09/16/2026 08:55:03,09/16/2026 08:49:25,
MNQZ6,-2,0,0.25,682000000381,682000000373,4,21442.75,21445.50,$22.00,09/16/2026 09:21:26,09/16/2026 09:16:33,
MNQZ6,-2,0,0.25,682000000388,682000000393,2,21443.25,21447.75,$18.00,09/17/2026 06:50:55,09/17/2026 06:56:23,
MNQZ6,-2,0,0.25,682000000399,682000000405,2,21450.25,21460.00,$39.00,09/17/2026 07:06:57,09/17/2026 07:12:00,
MNQZ6,-2,0,0.25,682000000414,682000000411,2,21460.75,21460.00,$(3.00),09/17/2026 07:35:45,09/17/2026 07:30:08,
MNQZ6,-2,0,0.25,682000000422,682000000429,3,21459.25,21457.50,$(10.50),09/17/2026 07:41:56,09/17/2026 07:47:04,
MNQZ6,-2,0,0.25,682000000432,682000000439,4,21458.50,21462.75,$34.00,09/17/2026 08:04:54,09/17/2026 08:09:22,
MNQZ6,-2,0,0.25,682000000443,682000000458,2,21472.25,21465.25,$(28.00),09/17/2026 08:12:10,09/17/2026 08:17:29,
MNQZ6,-2,0,0.25,682000000449,682000000458,1,21472.25,21465.25,$(14.00),09/17/2026 08:12:19,09/17/2026 08:17:29,
MNQZ6,-2,0,0.25,682000000465,682000000469,6,21458.50,21467.25,$105.00,09/17/2026 08:35:01,09/17/2026 08:39:17,
MNQZ6,-2,0,0.25,682000000473,682000000482,5,21472.75,21467.75,$(50.00),09/17/2026 08:54:24,09/17/2026 08:55:56,
MNQZ6,-2,0,0.25,682000000494,682000000488,2,21466.00,21474.25,$33.00,09/18/2026 07:00:57,09/18/2026 06:59:41,
MNQZ6,-2,0,0.25,682000000507,682000000501,2,21465.75,21469.50,$15.00,09/18/2026 07:21:33,09/18/2026 07:18:07,
MNQZ6,-2,0,0.25,682000000514,682000000522,1,21465.00,21465.25,$0.50,09/18/2026 07:29:55,09/18/2026 07:34:15,
MNQZ6,-2,0,0.25,682000000531,682000000534,4,21462.00,21457.50,$(36.00),09/18/2026 07:36:39,09/18/2026 07:38:00,
MNQZ6,-2,0,0.25,682000000540,682000000544,2,21459.50,21459.50,$0.00,09/18/2026 07:48:17,09/18/2026 07:52:13,
MNQZ6,-2,0,0.25,682000000556,682000000553,4,21464.25,21459.50,$(38.00),09/18/2026 08:16:14,09/18/2026 08:12:11,
MNQZ6,-2,0,0.25,682000000571,682000000559,2,21463.50,21462.75,$(3.00),09/18/2026 08:30:40,09/18/2026 08:26:15,
MNQZ6,-2,0,0.25,682000000571,682000000568,1,21463.50,21462.75,$(1.50),09/18/2026 08:30:40,09/18/2026 08:26:24,
MNQZ6,-2,0,0.25,682000000574,682000000583,2,21462.75,21460.00,$(11.00),09/18/2026 08:43:15,09/18/2026 08:45:15,
MNQZ6,-2,0,0.25,682000000579,682000000583,2,21462.75,21460.00,$(11.00),09/18/2026 08:43:21,09/18/2026 08:45:15,
MNQZ6,-2,0,0.25,682000000596,682000000587,2,21465.75,21464.50,$(5.00),09/21/2026 07:00:45,09/21/2026 06:57:19,
MNQZ6,-2,0,0.25,682000000600,682000000604,1,21466.25,21473.75,$15.00,09/21/2026 07:03:01,09/21/2026 07:07:41,
MNQZ6,-2,0,0.25,682000000624,682000000611,2,21473.25,21469.50,$(15.00),09/21/2026 07:26:21,09/21/2026 07:23:47,
MNQZ6,-2,0,0.25,682000000624,682000000619,1,21473.25,21469.50,$(7.50),09/21/2026 07:26:21,09/21/2026 07:23:57,
MNQZ6,-2,0,0.25,682000000630,682000000627,2,21479.25,21475.25,$(16.00),09/21/2026 07:35:46,09/21/2026 07:35:14,
MNQZ6,-2,0,0.25,682000000639,682000000651,2,21480.75,21482.50,$7.00,09/21/2026 07:58:33,09/21/2026 08:04:26,
MNQZ6,-2,0,0.25,682000000647,682000000651,1,21480.75,21482.50,$3.50,09/21/2026 07:58:50,09/21/2026 08:04:26,
MNQZ6,-2,0,0.25,682000000656,682000000661,3,21485.50,21488.00,$15.00,09/21/2026 08:28:44,09/21/2026 08:33:55,
MNQZ6,-2,0,0.25,682000000667,682000000672,2,21488.25,21488.50,$1.00,09/21/2026 08:42:57,09/21/2026 08:47:23,
MNQZ6,-2,0,0.25,682000000675,682000000682,4,21488.50,21486.50,$(16.00),09/21/2026 09:06:04,09/21/2026 09:09:53,
MNQZ6,-2,0,0.25,682000000689,682000000697,4,21489.25,21486.25,$(24.00),09/21/2026 09:13:18,09/21/2026 09:19:19,
MNQZ6,-2,0,0.25,682000000700,682000000716,3,21491.50,21495.75,$25.50,09/21/2026 09:40:43,09/21/2026 09:47:49,
MNQZ6,-2,0,0.25,682000000708,682000000716,2,21491.50,21495.75,$17.00,09/21/2026 09:41:00,09/21/2026 09:47:49,
MNQZ6,-2,0,0.25,682000000732,682000000724,4,21502.25,21492.75,$(76.00),09/22/2026 06:48:41,09/22/2026 06:41:58,
MNQZ6,-2,0,0.25,682000000737,682000000746,1,21502.75,21506.50,$7.50,09/22/2026 07:13:22,09/22/2026 07:16:58,
MNQZ6,-2,0,0.25,682000000752,682000000758,1,21502.25,21496.50,$(11.50),09/22/2026 07:33:33,09/22/2026 07:34:03,
MNQZ6,-2,0,0.25,682000000777,682000000764,2,21492.50,21499.25,$27.00,09/22/2026 07:41:37,09/22/2026 07:38:50,
MNQZ6,-2,0,0.25,682000000777,682000000773,2,21492.50,21499.25,$27.00,09/22/2026 07:41:37,09/22/2026 07:38:59,
MNQZ6,-2,0,0.25,682000000783,682000000789,2,21481.50,21481.00,$(2.00),09/22/2026 08:07:25,09/22/2026 08:08:37,
MNQZ6,-2,0,0.25,682000000794,682000000802,4,21479.00,21476.75,$(18.00),09/22/2026 08:31:55,09/22/2026 08:37:57,
MNQZ6,-2,0,0.25,682000000814,682000000810,4,21475.25,21480.25,$40.00,09/22/2026 09:08:34,09/22/2026 09:02:16,
MNQZ6,-2,0,0.25,682000000821,682000000829,2,21479.50,21478.50,$(4.00),09/22/2026 09:32:05,09/22/2026 09:36:37,
MNQZ6,-2,0,0.25,682000000826,682000000829,2,21479.50,21478.50,$(4.00),09/22/2026 09:32:12,09/22/2026 09:36:37,
MNQZ6,-2,0,0.25,682000000833,682000000840,4,21477.75,21484.75,$56.00,09/22/2026 09:48:06,09/22/2026 09:49:11,
MNQZ6,-2,0,0.25,682000000858,682000000848,2,21488.50,21488.50,$0.00,09/22/2026 10:00:01,09/22/2026 09:53:20,
MNQZ6,-2,0,0.25,682000000858,682000000853,2,21488.50,21488.50,$0.00,09/22/2026 10:00:01,09/22/2026 09:53:37,
MNQZ6,-2,0,0.25,682000000864,682000000872,5,21488.50,21487.50,$(10.00),09/22/2026 10:09:32,09/22/2026 10:12:39,
MNQZ6,-2,0,0.25,682000000881,682000000884,5,21494.50,21488.25,$(62.50),09/22/2026 10:19:05,09/22/2026 10:22:59,
MNQZ6,-2,0,0.25,682000000893,682000000898,4,21489.75,21488.25,$(12.00),09/22/2026 10:31:44,09/22/2026 10:33:02,
MNQZ6,-2,0,0.25,682000000906,682000000917,2,21489.50,21487.75,$(7.00),09/22/2026 10:48:50,09/22/2026 10:53:07,
MNQZ6,-2,0,0.25,682000000910,682000000917,1,21489.50,21487.75,$(3.50),09/22/2026 10:48:55,09/22/2026 10:53:07,
MNQZ6,-2,0,0.25,682000000924,682000000936,2,21483.00,21491.75,$35.00,09/23/2026 06:43:49,09/23/2026 06:44:55,
MNQZ6,-2,0,0.25,682000000928,682000000936,1,21483.00,21491.75,$17.50,09/23/2026 06:44:07,09/23/2026 06:44:55,
MNQZ6,-2,0,0.25,682000000943,682000000939,2,21491.75,21489.25,$(10.00),09/23/2026 07:02:06,09/23/2026 07:00:23,
MNQZ6,-2,0,0.25,682000000951,682000000959,2,21498.00,21495.50,$(10.00),09/23/2026 07:19:32,09/23/2026 07:23:28,
MNQZ6,-2,0,0.25,682000000962,682000000973,2,21493.75,21492.75,$(4.00),09/23/2026 07:32:47,09/23/2026 07:38:11,
MNQZ6,-2,0,0.25,682000000969,682000000973,2,21493.75,21492.75,$(4.00),09/23/2026 07:32:54,09/23/2026 07:38:11,
MNQZ6,-2,0,0.25,682000000977,682000000980,3,21495.00,21488.75,$(37.50),09/23/2026 07:55:09,09/23/2026 08:00:24,
MNQZ6,-2,0,0.25,682000000983,682000000989,2,21486.25,21488.25,$8.00,09/23/2026 08:12:39,09/23/2026 08:16:29,
MNQZ6,-2,0,0.25,682000000996,682000001004,3,21495.00,21494.25,$(4.50),09/23/2026 08:42:02,09/23/2026 08:43:38,
MNQZ6,-2,0,0.25,682000001016,682000001010,2,21487.75,21499.00,$45.00,09/23/2026 09:08:14,09/23/2026 09:02:11,
MNQZ6,-2,0,0.25,682000001022,682000001034,2,21489.00,21496.75,$31.00,09/23/2026 09:23:33,09/23/2026 09:24:50,
MNQZ6,-2,0,0.25,682000001028,682000001034,2,21489.00,21496.75,$31.00,09/23/2026 09:23:52,09/23/2026 09:24:50,
MNQZ6,-2,0,0.25,682000001041,682000001049,5,21498.75,21497.25,$(15.00),09/23/2026 09:43:44,09/23/2026 09:50:17,
MNQZ6,-2,0,0.25,682000001053,682000001064,2,21497.00,21494.00,$(12.00),09/23/2026 10:13:11,09/23/2026 10:15:05,
MNQZ6,-2,0,0.25,682000001056,682000001064,1,21497.00,21494.00,$(6.00),09/23/2026 10:13:30,09/23/2026 10:15:05,
MNQZ6,-2,0,0.25,682000001071,682000001076,1,21496.00,21500.50,$9.00,09/24/2026 06:53:40,09/24/2026 06:57:25,
MNQZ6,-2,0,0.25,682000001090,682000001082,1,21495.25,21500.75,$11.00,09/24/2026 07:10:25,09/24/2026 07:07:15,
MNQZ6,-2,0,0.25,682000001099,682000001096,2,21496.00,21495.00,$(4.00),09/24/2026 07:20:53,09/24/2026 07:19:55,
MNQZ6,-2,0,0.25,682000001107,682000001104,3,21493.25,21497.50,$25.50,09/24/2026 07:34:04,09/24/2026 07:29:24,
MNQZ6,-2,0,0.25,682000001116,682000001112,3,21499.75,21496.25,$(21.00),09/24/2026 07:59:36,09/24/2026 07:58:25,
MNQZ6,-2,0,0.25,682000001125,682000001132,2,21502.50,21503.50,$4.00,09/24/2026 08:16:48,09/24/2026 08:18:13,
MNQZ6,-2,0,0.25,682000001135,682000001141,2,21504.25,21491.75,$(50.00),09/24/2026 08:35:52,09/24/2026 08:37:46,
MNQZ6,-2,0,0.25,682000001147,682000001152,6,21492.75,21492.50,$(3.00),09/24/2026 08:40:59,09/24/2026 08:47:38,
MNQZ6,-2,0,0.25,682000001160,682000001171,2,21494.75,21491.50,$(13.00),09/24/2026 09:12:45,09/24/2026 09:19:10,
MNQZ6,-2,0,0.25,682000001163,682000001171,2,21494.75,21491.50,$(13.00),09/24/2026 09:13:00,09/24/2026 09:19:10,
MNQZ6,-2,0,0.25,682000001174,682000001177,4,21492.25,21488.00,$(34.00),09/24/2026 09:34:03,09/24/2026 09:38:10,
MNQZ6,-2,0,0.25,682000001180,682000001185,2,21484.25,21487.50,$13.00,09/25/2026 06:43:24,09/25/2026 06:45:40,
MNQZ6,-2,0,0.25,682000001191,682000001197,2,21493.25,21489.50,$(15.00),09/25/2026 07:05:38,09/25/2026 07:11:22,
MNQZ6,-2,0,0.25,682000001208,682000001200,3,21487.75,21489.75,$12.00,09/25/2026 07:23:21,09/25/2026 07:21:13,
MNQZ6,-2,0,0.25,682000001223,682000001215,2,21493.50,21490.50,$(12.00),09/25/2026 07:30:54,09/25/2026 07:28:18,
MNQZ6,-2,0,0.25,682000001230,682000001239,2,21499.50,21497.25,$(9.00),09/25/2026 07:55:38,09/25/2026 07:56:13,
MNQZ6,-2,0,0.25,682000001245,682000001251,3,21496.00,21502.25,$37.50,09/25/2026 08:05:19,09/25/2026 08:07:02,
MNQZ6,-2,0,0.25,682000001267,682000001258,2,21491.00,21496.00,$20.00,09/25/2026 08:17:17,09/25/2026 08:14:02,
MNQZ6,-2,0,0.25,682000001271,682000001281,2,21492.25,21496.25,$16.00,09/25/2026 08:29:46,09/25/2026 08:34:28,
MNQZ6,-2,0,0.25,682000001274,682000001281,2,21492.25,21496.25,$16.00,09/25/2026 08:30:00,09/25/2026 08:34:28,
MNQZ6,-2,0,0.25,682000001284,682000001290,3,21488.25,21502.00,$82.50,09/25/2026 08:53:48,09/25/2026 08:55:04,
MNQZ6,-2,0,0.25,682000001297,682000001306,2,21506.25,21507.25,$4.00,09/25/2026 09:12:49,09/25/2026 09:17:52,
MNQZ6,-2,0,0.25,682000001314,682000001320,4,21512.25,21508.75,$(28.00),09/25/2026 09:41:40,09/25/2026 09:43:50,
MNQZ6,-2,0,0.25,682000001325,682000001330,4,21515.50,21521.00,$44.00,09/25/2026 09:53:01,09/25/2026 09:56:46,
MNQZ6,-2,0,0.25,682000001339,682000001333,4,21522.75,21519.50,$(26.00),09/25/2026 10:06:44,09/25/2026 10:06:18,
MNQZ6,-2,0,0.25,682000001343,682000001347,4,21523.50,21526.75,$26.00,09/25/2026 10:16:37,09/25/2026 10:22:15,
